Time(Iteration),DisLinUCB,NIndepLinUCB-alpha=0.3,FCLUB_DC,HetoFedBandit_Simplified,HetoFedBandit_Enhanced
0,0,0,0,1,0,0
25,0,0,0,3,0,1
50,0,0,0,4,0,3
75,0,0,0,5,0,5
100,1,1,2,10,1,5
125,2,1,2,10,1,9
150,3,2,4,10,1,11
175,6,3,5,12,1,11
200,7,5,7,14,3,12
225,9,7,8,15,3,12
250,13,8,8,15,4,12
275,14,8,8,15,5,12
300,16,12,10,17,6,15
325,20,15,11,18,7,15
350,20,16,12,18,9,16
375,22,17,14,19,10,17
400,24,17,14,21,12,19
425,29,17,14,23,19,19
450,30,20,16,24,22,19
475,34,20,16,25,22,21
500,38,21,17,27,23,21
525,45,22,19,31,29,24
550,48,22,19,33,30,25
575,49,25,20,35,32,27
600,53,27,20,36,33,27
625,58,28,22,37,36,29
650,62,29,23,38,41,30
675,69,35,29,39,47,31
700,70,36,31,39,51,31
725,74,37,31,39,54,31
750,76,40,32,39,56,32
775,80,40,34,40,60,35
800,85,44,36,42,64,35
825,87,46,36,42,66,37
850,91,50,37,44,69,39
875,94,52,39,46,76,41
900,101,54,41,47,84,44
925,107,55,42,48,89,44
950,110,56,42,48,93,45
975,115,60,44,50,102,45
1000,119,62,46,52,104,46
1025,123,65,47,53,108,47
1050,127,67,48,53,111,49
1075,133,68,48,56,115,51
1100,138,71,51,56,120,52
1125,148,74,54,59,128,52
1150,153,75,55,59,132,53
1175,161,78,61,59,138,54
1200,165,80,63,60,142,56
1225,168,82,63,63,148,56
1250,174,84,64,64,150,56
1275,180,85,64,65,155,56
1300,189,89,67,65,159,58
1325,191,90,69,66,162,59
1350,198,91,70,68,166,60
1375,200,97,75,69,171,60
1400,204,101,76,71,176,60
1425,209,103,78,71,184,62
1450,216,106,82,72,191,62
1475,218,109,85,74,194,63
1500,221,111,88,74,200,65
1525,228,114,91,75,205,65
1550,235,115,92,76,213,66
1575,238,118,93,78,219,67
1600,243,119,95,79,223,68
1625,245,120,96,80,228,69
1650,248,123,98,82,233,72
1675,249,128,102,83,236,73
1700,255,130,103,83,241,74
1725,259,132,104,85,246,75
1750,265,134,105,85,252,77
1775,274,135,108,86,258,77
1800,279,138,108,86,264,78
1825,281,139,109,87,270,78
1850,287,142,110,88,277,79
1875,291,145,112,89,278,79
1900,294,148,115,90,283,79
1925,297,154,117,90,289,82
1950,304,156,119,93,297,82
1975,307,157,120,93,298,83
2000,310,159,120,93,304,84
2025,317,162,123,93,310,85
2050,320,167,124,93,317,87
2075,323,168,126,96,323,89
2100,328,172,130,96,328,92
2125,333,172,131,98,332,93
2150,337,175,132,100,339,94
2175,343,176,134,101,344,94
2200,347,182,135,102,351,95
2225,354,185,137,104,356,95
2250,363,189,141,107,365,97
2275,370,191,142,108,372,97
2300,375,193,143,108,377,97
2325,379,198,143,109,384,97
2350,387,203,145,111,394,97
2375,391,205,148,112,398,97
2400,400,209,150,112,404,97
2425,403,214,150,115,410,98
2450,406,218,152,118,419,98
2475,413,222,155,120,428,99
2500,421,227,158,123,437,100
2525,426,230,159,123,443,100
2550,432,233,159,125,451,101
2575,435,237,162,126,456,101
2600,446,239,163,126,464,102
2625,451,243,165,127,471,104
2650,458,247,167,127,480,105
2675,462,249,167,128,485,107
2700,469,253,170,128,492,108
2725,476,256,173,129,495,110
2750,480,260,175,130,502,110
2775,486,262,179,132,507,110
2800,490,267,186,132,515,112
2825,495,272,191,133,521,115
2850,504,278,195,134,524,115
2875,512,280,196,136,529,116
2900,517,282,200,138,539,118
2925,521,287,204,140,545,118
2950,526,291,207,140,549,119
2975,535,296,210,141,555,119
3000,538,300,215,141,561,119
3025,542,305,218,142,568,121
3050,547,308,219,144,572,123
3075,551,312,224,145,577,123
3100,556,315,226,146,582,124
3125,563,322,228,146,588,126
3150,569,325,229,147,596,129
3175,574,331,231,150,605,129
3200,577,334,232,150,611,129
3225,580,339,236,151,615,132
3250,584,342,236,151,616,133
3275,590,345,237,153,619,134
3300,597,346,237,153,627,134
3325,602,354,242,154,635,134
3350,609,357,243,155,641,134
3375,612,361,246,155,645,134
3400,617,363,250,158,651,135
3425,620,368,253,159,657,135
3450,624,370,257,159,660,135
3475,631,374,258,159,664,136
3500,638,377,260,159,667,137
3525,641,380,261,159,671,137
3550,644,380,261,160,675,138
3575,652,386,264,161,683,138
3600,654,387,266,162,688,138
3625,657,390,267,163,691,139
3650,660,395,271,165,696,139
3675,664,400,274,166,699,140
3700,668,403,275,167,704,140
3725,673,406,277,169,708,140
3750,679,410,281,169,714,142
3775,687,411,281,171,721,143
3800,690,414,282,171,728,143
3825,693,417,283,172,736,144
3850,698,424,287,173,744,145
3875,705,426,289,173,752,146
3900,711,431,293,176,759,146
3925,716,435,294,179,767,147
3950,719,437,294,179,771,149
3975,729,444,298,181,782,149
4000,734,444,298,181,794,150
4025,738,447,299,182,800,150
4050,745,451,300,183,803,150
4075,755,456,305,185,809,150
4100,762,464,310,185,819,150
4125,765,469,311,185,828,152
4150,769,472,311,187,835,153
4175,773,475,312,188,843,153
4200,777,477,315,188,852,154
4225,783,482,319,189,857,157
4250,785,484,321,190,865,159
4275,790,486,324,190,872,159
4300,800,493,330,191,879,161
4325,806,499,336,193,884,162
4350,808,501,336,193,889,163
4375,814,503,339,193,897,164
4400,817,507,341,195,907,166
4425,825,510,346,195,914,166
4450,829,513,347,196,918,167
4475,837,520,353,196,927,167
4500,841,523,355,196,932,168
4525,847,524,356,196,939,169
4550,857,529,358,198,946,169
4575,865,532,362,198,953,170
4600,871,534,362,198,965,170
4625,877,537,366,199,973,171
4650,886,545,367,200,981,172
4675,891,553,370,201,990,173
4700,897,555,373,203,996,174
4725,901,558,375,204,1001,175
4750,905,562,379,205,1006,176
4775,912,568,383,206,1013,176
4800,919,572,385,206,1017,177
4825,924,573,387,209,1025,177
4850,932,577,391,210,1031,177
4875,936,579,391,212,1037,179
4900,941,583,392,213,1043,180
4925,947,590,397,214,1050,180
4950,951,595,399,215,1058,181
4975,959,598,401,216,1068,182
5000,966,605,406,217,1076,182
5025,969,609,408,219,1082,183
5050,972,611,409,223,1087,183
5075,983,617,415,231,1100,185
5100,989,618,416,235,1104,188
5125,994,623,420,241,1108,191
5150,1000,629,423,247,1115,195
5175,1007,635,427,259,1125,195
5200,1012,637,429,263,1131,196
5225,1021,642,432,270,1141,197
5250,1027,646,434,274,1149,200
5275,1033,650,437,277,1154,201
5300,1038,654,438,283,1158,202
5325,1046,661,442,287,1169,203
5350,1053,664,444,291,1178,204
5375,1062,671,448,300,1186,205
5400,1071,678,450,304,1193,206
5425,1074,679,452,307,1200,207
5450,1077,682,455,314,1205,207
5475,1081,683,456,318,1209,209
5500,1088,690,460,325,1214,210
5525,1094,696,464,334,1221,210
5550,1096,698,466,340,1226,210
5575,1108,702,469,344,1235,211
5600,1114,708,469,352,1243,213
5625,1122,713,474,359,1255,214
5650,1127,716,475,363,1260,217
5675,1133,719,477,367,1265,218
5700,1144,722,479,371,1272,220
5725,1149,730,485,376,1280,221
5750,1155,734,487,380,1289,225
5775,1159,740,492,388,1297,225
5800,1163,745,493,394,1305,225
5825,1169,750,494,400,1314,225
5850,1175,752,495,405,1323,225
5875,1184,754,496,410,1332,225
5900,1187,755,496,413,1336,225
5925,1192,760,499,419,1341,227
5950,1194,764,506,425,1348,230
5975,1200,769,509,432,1358,230
6000,1208,780,512,440,1368,232
6025,1214,783,514,446,1374,232
6050,1218,793,518,454,1381,232
6075,1223,798,520,458,1385,234
6100,1228,800,522,462,1390,235
6125,1234,806,525,468,1398,236
6150,1243,813,530,478,1407,237
6175,1248,817,532,483,1414,238
6200,1254,819,532,487,1419,238
6225,1259,822,536,492,1424,239
6250,1264,829,540,501,1430,240
6275,1268,834,544,508,1435,242
6300,1272,837,545,517,1442,242
6325,1278,843,548,530,1456,242
6350,1285,850,554,535,1462,243
6375,1291,858,557,540,1471,243
6400,1299,862,560,548,1477,243
6425,1304,864,561,552,1482,244
6450,1312,868,563,555,1488,246
6475,1316,869,563,559,1494,246
6500,1320,873,565,563,1504,248
6525,1328,880,569,572,1516,250
6550,1335,884,571,579,1523,250
6575,1342,887,573,587,1531,251
6600,1346,894,574,592,1538,251
6625,1353,899,578,596,1544,251
6650,1358,904,581,601,1552,252
6675,1360,908,583,606,1558,252
6700,1365,914,583,612,1571,252
6725,1371,918,587,616,1580,253
6750,1379,925,590,624,1589,253
6775,1385,933,594,630,1596,254
6800,1391,937,596,634,1603,255
6825,1396,939,598,635,1607,255
6850,1402,942,600,641,1615,257
6875,1409,947,603,647,1620,258
6900,1411,950,605,651,1626,258
6925,1418,960,611,663,1638,261
6950,1422,966,612,668,1644,262
6975,1427,970,613,675,1652,263
7000,1433,973,614,680,1657,266
7025,1437,977,615,690,1665,267
7050,1440,978,615,694,1669,269
7075,1448,987,619,703,1674,269
7100,1457,992,620,711,1685,270
7125,1465,998,623,718,1692,272
7150,1469,1004,626,723,1698,273
7175,1476,1009,628,729,1707,274
7200,1482,1015,629,738,1715,274
7225,1490,1020,632,743,1720,275
7250,1496,1028,637,750,1728,277
7275,1498,1032,639,757,1735,277
7300,1502,1036,642,763,1744,277
7325,1505,1044,645,772,1754,277
7350,1515,1047,647,774,1759,278
7375,1520,1052,650,778,1765,279
7400,1521,1055,652,782,1771,279
7425,1527,1056,653,785,1774,280
7450,1532,1059,653,789,1779,283
7475,1539,1066,659,796,1789,284
7500,1545,1070,664,803,1801,287
7525,1552,1072,666,812,1806,288
7550,1556,1080,668,820,1815,288
7575,1563,1089,677,829,1826,290
7600,1567,1096,682,837,1837,290
7625,1571,1102,686,846,1846,290
7650,1577,1107,688,852,1857,292
7675,1581,1110,691,857,1862,292
7700,1586,1112,694,861,1864,293
7725,1592,1120,700,869,1875,295
7750,1601,1123,705,875,1885,295
7775,1606,1128,708,878,1892,297
7800,1613,1130,709,885,1900,297
7825,1615,1136,711,891,1908,299
7850,1619,1141,714,899,1916,300
7875,1627,1144,717,904,1923,302
7900,1632,1150,720,912,1927,302
7925,1638,1157,724,922,1935,302
7950,1646,1164,729,932,1948,304
7975,1653,1167,732,935,1955,305
8000,1658,1174,737,944,1963,306
8025,1665,1183,744,952,1971,306
8050,1669,1186,747,958,1980,306
8075,1674,1188,752,966,1987,307
8100,1680,1195,756,972,1995,309
8125,1683,1199,757,978,2001,311
8150,1690,1206,761,987,2011,312
8175,1697,1212,765,995,2020,312
8200,1704,1217,767,998,2027,312
8225,1709,1220,770,1006,2036,314
8250,1716,1229,773,1014,2047,315
8275,1722,1234,777,1019,2055,316
8300,1727,1238,778,1023,2061,316
8325,1733,1244,781,1030,2070,317
8350,1738,1246,784,1035,2074,320
8375,1743,1250,786,1042,2082,320
8400,1748,1255,789,1054,2091,320
8425,1755,1261,793,1058,2098,320
8450,1757,1267,800,1067,2109,322
8475,1764,1273,804,1075,2114,323
8500,1770,1275,805,1080,2119,325
8525,1778,1280,809,1085,2128,327
8550,1784,1286,812,1092,2135,330
8575,1791,1292,815,1100,2144,330
8600,1793,1297,821,1109,2153,331
8625,1800,1302,825,1112,2162,331
8650,1807,1306,828,1118,2170,332
8675,1814,1312,832,1127,2176,333
8700,1822,1321,838,1136,2183,336
8725,1828,1328,841,1143,2192,336
8750,1835,1337,847,1155,2204,338
8775,1841,1340,854,1161,2214,338
8800,1845,1352,858,1172,2228,340
8825,1851,1357,859,1175,2235,340
8850,1862,1363,861,1180,2241,340
8875,1868,1369,864,1185,2251,341
8900,1872,1380,870,1194,2260,342
8925,1878,1385,873,1199,2268,345
8950,1883,1389,878,1204,2273,346
8975,1894,1398,883,1214,2283,347
9000,1900,1401,887,1222,2291,349
9025,1904,1405,888,1228,2299,349
9050,1909,1409,892,1233,2306,349
9075,1914,1415,896,1241,2316,349
9100,1920,1421,900,1250,2324,350
9125,1928,1430,904,1258,2332,351
9150,1939,1437,909,1267,2341,352
9175,1942,1440,912,1274,2347,352
9200,1948,1446,915,1282,2354,353
9225,1953,1451,917,1289,2361,354
9250,1959,1454,919,1294,2368,356
9275,1964,1458,923,1299,2375,357
9300,1968,1467,929,1307,2384,357
9325,1972,1471,931,1313,2392,359
9350,1978,1475,933,1318,2398,360
9375,1981,1480,935,1326,2404,360
9400,1984,1485,936,1331,2408,362
9425,1992,1491,938,1340,2416,362
9450,1995,1499,941,1346,2425,366
9475,1999,1505,945,1354,2429,368
9500,2003,1511,951,1365,2439,370
9525,2012,1520,958,1375,2450,370
9550,2017,1525,964,1381,2455,373
9575,2018,1530,967,1390,2458,373
9600,2028,1541,973,1403,2472,374
9625,2034,1544,974,1407,2476,375
9650,2041,1551,980,1416,2485,376
9675,2046,1560,986,1423,2493,376
9700,2053,1567,993,1432,2502,378
9725,2057,1574,996,1437,2510,380
9750,2061,1582,1000,1440,2517,381
9775,2067,1587,1003,1449,2528,382
9800,2072,1595,1008,1460,2538,383
9825,2079,1606,1016,1467,2546,384
9850,2083,1610,1017,1473,2555,386
9875,2087,1617,1021,1477,2561,389
9900,2093,1625,1026,1484,2569,390
9925,2098,1630,1031,1491,2576,390
9950,2106,1634,1035,1497,2581,391
9975,2112,1645,1042,1507,2594,391
10000,2119,1654,1045,1518,2605,392
10025,2124,1662,1052,1528,2617,395
10050,2126,1668,1056,1532,2625,397
10075,2133,1672,1059,1539,2636,398
10100,2138,1678,1062,1548,2643,399
10125,2147,1688,1067,1560,2656,401
10150,2156,1694,1074,1569,2661,401
10175,2160,1698,1075,1575,2673,401
10200,2165,1704,1077,1583,2681,402
10225,2171,1713,1084,1588,2694,402
10250,2178,1717,1087,1592,2701,403
10275,2182,1723,1089,1601,2710,403
10300,2187,1727,1091,1608,2717,404
10325,2194,1732,1096,1613,2726,405
10350,2196,1736,1098,1618,2733,406
10375,2200,1738,1099,1621,2737,408
10400,2204,1745,1102,1629,2746,408
10425,2209,1754,1108,1639,2755,409
10450,2216,1762,1114,1647,2765,413
10475,2218,1768,1120,1656,2772,413
10500,2227,1775,1126,1665,2783,414
10525,2233,1780,1131,1672,2789,414
10550,2238,1787,1138,1680,2797,414
10575,2245,1795,1143,1687,2804,415
10600,2250,1802,1147,1696,2814,415
10625,2257,1806,1148,1701,2819,416
10650,2261,1811,1153,1709,2826,418
10675,2267,1818,1158,1718,2837,419
10700,2272,1824,1162,1724,2845,420
10725,2278,1830,1165,1730,2852,420
10750,2283,1835,1170,1736,2859,422
10775,2287,1841,1171,1742,2866,423
10800,2291,1845,1176,1754,2876,423
10825,2298,1853,1180,1762,2887,427
10850,2309,1864,1183,1774,2897,429
10875,2315,1868,1188,1782,2903,430
10900,2319,1876,1192,1791,2911,434
10925,2324,1883,1196,1801,2916,435
10950,2329,1885,1196,1810,2920,437
10975,2332,1891,1202,1818,2930,438
11000,2339,1895,1205,1825,2940,438
11025,2344,1900,1211,1833,2948,438
11050,2350,1906,1216,1838,2954,439
11075,2354,1909,1217,1845,2959,442
11100,2362,1914,1219,1850,2966,443
11125,2364,1919,1222,1858,2974,443
11150,2368,1928,1230,1866,2985,443
11175,2371,1938,1236,1871,2995,445
11200,2375,1946,1241,1877,3002,446
11225,2376,1955,1246,1889,3010,446
11250,2385,1961,1249,1897,3022,446
11275,2391,1967,1254,1905,3032,446
11300,2396,1974,1259,1914,3041,446
11325,2401,1979,1262,1920,3050,449
11350,2408,1986,1266,1925,3058,450
11375,2416,1996,1276,1935,3073,450
11400,2425,2004,1282,1946,3085,451
11425,2431,2012,1285,1953,3096,452
11450,2434,2020,1291,1960,3103,453
11475,2439,2027,1294,1965,3112,453
11500,2449,2036,1300,1974,3123,455
11525,2454,2041,1305,1979,3131,455
11550,2459,2048,1309,1986,3141,457
11575,2464,2053,1312,1992,3148,457
11600,2466,2058,1314,1995,3154,457
11625,2473,2064,1316,2002,3163,461
11650,2479,2069,1322,2009,3168,462
11675,2488,2081,1328,2016,3178,463
11700,2495,2089,1331,2027,3186,463
11725,2496,2094,1335,2033,3193,463
11750,2505,2102,1342,2041,3206,463
11775,2511,2113,1353,2056,3222,463
11800,2515,2122,1359,2064,3231,465
11825,2521,2129,1362,2071,3238,465
11850,2526,2136,1366,2082,3250,466
11875,2531,2144,1369,2095,3263,466
11900,2538,2150,1372,2100,3271,467
11925,2547,2155,1375,2109,3284,468
11950,2554,2164,1380,2118,3297,469
11975,2563,2168,1383,2125,3304,469
12000,2566,2174,1387,2129,3311,469
12025,2569,2179,1391,2136,3322,469
12050,2580,2186,1398,2143,3328,470
12075,2586,2189,1401,2151,3334,471
12100,2591,2195,1405,2157,3343,472
12125,2601,2205,1414,2163,3355,472
12150,2605,2213,1420,2173,3364,474
12175,2611,2221,1424,2183,3376,474
12200,2615,2225,1427,2191,3384,474
12225,2627,2233,1432,2196,3393,474
12250,2634,2242,1434,2205,3402,474
12275,2637,2248,1439,2211,3412,475
12300,2646,2257,1444,2222,3425,476
12325,2650,2266,1445,2232,3437,479
12350,2654,2272,1449,2240,3446,479
12375,2658,2277,1450,2245,3449,480
12400,2664,2284,1455,2253,3457,481
12425,2670,2292,1458,2263,3469,482
12450,2678,2297,1461,2273,3475,482
12475,2686,2305,1469,2282,3485,482
12500,2690,2314,1474,2288,3496,482
12525,2695,2319,1477,2290,3501,483
12550,2700,2327,1482,2300,3507,484
12575,2705,2333,1486,2307,3518,484
12600,2707,2338,1489,2312,3524,484
12625,2714,2342,1492,2317,3530,485
12650,2721,2346,1496,2326,3542,485
12675,2727,2353,1501,2331,3547,485
12700,2730,2359,1502,2337,3556,486
12725,2737,2365,1504,2344,3563,486
12750,2742,2373,1509,2352,3573,486
12775,2747,2381,1517,2364,3585,486
12800,2750,2388,1521,2372,3590,486
12825,2755,2394,1523,2380,3598,487
12850,2761,2402,1526,2387,3607,488
12875,2767,2405,1528,2389,3613,488
12900,2769,2410,1533,2395,3619,489
12925,2777,2416,1538,2405,3631,489
12950,2785,2426,1546,2414,3641,489
12975,2790,2430,1547,2422,3648,492
13000,2795,2436,1552,2429,3657,494
13025,2802,2441,1555,2436,3663,494
13050,2808,2447,1559,2443,3672,494
13075,2815,2455,1562,2450,3680,494
13100,2818,2461,1565,2456,3688,495
13125,2823,2467,1571,2464,3695,495
13150,2830,2474,1576,2472,3703,496
13175,2837,2479,1580,2479,3715,496
13200,2839,2484,1585,2486,3723,496
13225,2844,2493,1592,2495,3734,498
13250,2852,2501,1598,2503,3742,499
13275,2858,2505,1600,2508,3750,500
13300,2865,2512,1603,2514,3755,502
13325,2872,2520,1611,2523,3765,505
13350,2876,2526,1616,2529,3771,505
13375,2886,2534,1623,2536,3778,506
13400,2893,2545,1630,2548,3789,508
13425,2900,2551,1633,2554,3796,508
13450,2907,2560,1638,2559,3800,508
13475,2917,2570,1648,2567,3811,510
13500,2921,2574,1649,2572,3819,511
13525,2928,2581,1656,2581,3826,513
13550,2933,2586,1659,2588,3831,514
13575,2935,2590,1661,2596,3840,515
13600,2936,2597,1668,2604,3849,515
13625,2943,2605,1674,2610,3859,515
13650,2946,2612,1676,2617,3868,516
13675,2954,2620,1682,2625,3875,517
13700,2959,2625,1685,2631,3884,517
13725,2965,2632,1691,2640,3896,517
13750,2969,2638,1696,2647,3905,518
13775,2975,2645,1699,2651,3916,518
13800,2980,2652,1702,2660,3922,519
13825,2990,2664,1710,2672,3932,521
13850,2996,2673,1717,2683,3943,522
13875,3003,2680,1721,2689,3949,522
13900,3007,2684,1724,2697,3957,524
13925,3013,2689,1728,2704,3965,524
13950,3020,2695,1733,2713,3974,525
13975,3023,2701,1735,2719,3982,525
14000,3030,2707,1740,2726,3990,526
14025,3037,2714,1743,2734,3999,526
14050,3040,2721,1748,2741,4007,527
14075,3047,2727,1751,2751,4016,529
14100,3050,2732,1754,2757,4024,529
14125,3055,2743,1760,2766,4036,530
14150,3062,2748,1764,2775,4043,531
14175,3074,2755,1771,2786,4052,533
14200,3079,2761,1775,2789,4061,534
14225,3081,2768,1778,2799,4069,535
14250,3087,2772,1780,2804,4075,536
14275,3098,2780,1786,2811,4082,538
14300,3106,2788,1790,2821,4093,540
14325,3110,2795,1796,2831,4104,541
14350,3115,2806,1802,2838,4114,542
14375,3120,2814,1807,2845,4121,542
14400,3126,2821,1812,2854,4133,543
14425,3131,2828,1815,2865,4142,544
14450,3133,2837,1820,2872,4152,545
14475,3141,2846,1825,2881,4163,547
14500,3147,2851,1829,2887,4169,551
14525,3152,2856,1832,2895,4178,551
14550,3157,2864,1839,2903,4187,554
14575,3164,2871,1844,2911,4196,554
14600,3169,2878,1848,2917,4203,554
14625,3178,2883,1854,2923,4210,554
14650,3185,2893,1861,2933,4221,554
14675,3193,2902,1864,2941,4231,555
14700,3196,2909,1868,2950,4238,557
14725,3204,2917,1873,2960,4250,557
14750,3210,2926,1881,2969,4260,560
14775,3216,2934,1885,2976,4271,560
14800,3220,2938,1888,2981,4278,562
14825,3224,2949,1893,2990,4288,562
14850,3227,2959,1897,2994,4292,563
14875,3233,2968,1903,3003,4304,564
14900,3237,2972,1904,3011,4312,565
14925,3242,2983,1910,3018,4325,565
14950,3251,2987,1918,3025,4336,565
14975,3258,2992,1921,3030,4342,567
15000,3262,2999,1926,3038,4346,567
15025,3265,3006,1932,3046,4354,567
15050,3270,3015,1938,3049,4362,567
15075,3275,3022,1943,3055,4373,568
15100,3280,3032,1950,3064,4383,568
15125,3286,3042,1954,3074,4395,569
15150,3293,3049,1958,3083,4402,569
15175,3302,3059,1965,3093,4414,571
15200,3307,3068,1970,3100,4423,572
15225,3314,3074,1976,3109,4433,572
15250,3322,3087,1983,3119,4446,572
15275,3329,3099,1992,3131,4460,572
15300,3336,3108,1998,3136,4470,573
15325,3345,3118,2003,3148,4483,575
15350,3352,3126,2011,3158,4490,575
15375,3358,3129,2013,3166,4494,575
15400,3363,3138,2019,3171,4502,577
15425,3368,3147,2024,3180,4516,580
15450,3372,3155,2031,3192,4529,580
15475,3379,3164,2039,3199,4539,580
15500,3387,3168,2042,3204,4547,580
15525,3393,3177,2048,3215,4558,582
15550,3397,3187,2053,3224,4570,583
15575,3403,3195,2059,3234,4583,583
15600,3408,3200,2062,3243,4587,584
15625,3409,3205,2065,3252,4597,585
15650,3417,3214,2073,3260,4606,586
15675,3420,3220,2079,3265,4613,587
15700,3427,3225,2084,3269,4619,588
15725,3432,3231,2090,3273,4626,589
15750,3439,3236,2094,3281,4632,589
15775,3451,3247,2098,3295,4645,590
15800,3453,3257,2103,3301,4653,590
15825,3458,3268,2110,3311,4663,591
15850,3465,3277,2118,3318,4672,595
15875,3474,3284,2123,3324,4679,596
15900,3477,3293,2130,3329,4689,598
15925,3482,3301,2133,3337,4699,600
15950,3489,3308,2140,3345,4708,601
15975,3495,3315,2146,3353,4718,601
16000,3504,3324,2153,3362,4729,603
16025,3507,3328,2158,3367,4735,603
16050,3513,3332,2161,3372,4740,604
16075,3522,3342,2168,3383,4752,606
16100,3529,3349,2172,3389,4760,606
16125,3538,3353,2174,3395,4769,607
16150,3542,3366,2184,3407,4780,607
16175,3549,3373,2190,3416,4793,609
16200,3553,3379,2195,3418,4797,611
16225,3560,3385,2200,3425,4804,612
16250,3567,3389,2204,3431,4811,613
16275,3572,3398,2210,3437,4822,613
16300,3576,3406,2216,3449,4833,613
16325,3581,3411,2218,3455,4838,614
16350,3584,3419,2223,3463,4846,614
16375,3588,3427,2230,3471,4854,615
16400,3596,3437,2240,3479,4867,615
16425,3601,3448,2248,3491,4877,616
16450,3609,3454,2254,3496,4886,618
16475,3615,3463,2261,3505,4896,619
16500,3623,3469,2267,3509,4901,620
16525,3629,3478,2270,3518,4913,624
16550,3637,3487,2276,3529,4926,625
16575,3643,3495,2277,3538,4932,626
16600,3648,3502,2281,3547,4942,628
16625,3652,3506,2284,3553,4950,632
16650,3660,3512,2289,3559,4959,634
16675,3667,3520,2295,3569,4968,635
16700,3676,3526,2300,3575,4974,637
16725,3684,3536,2306,3581,4985,637
16750,3691,3547,2314,3591,4999,638
16775,3697,3558,2325,3599,5010,639
16800,3701,3563,2330,3606,5020,641
16825,3702,3571,2335,3616,5031,642
16850,3706,3581,2344,3626,5042,642
16875,3711,3588,2349,3635,5050,644
16900,3713,3595,2352,3640,5058,648
16925,3717,3600,2357,3647,5066,648
16950,3722,3606,2365,3656,5076,649
16975,3727,3614,2370,3665,5086,650
17000,3730,3629,2380,3675,5100,650
17025,3737,3638,2385,3685,5110,650
17050,3745,3646,2390,3688,5120,651
17075,3750,3651,2394,3693,5127,652
17100,3754,3660,2398,3699,5138,653
17125,3760,3672,2405,3708,5148,654
17150,3762,3678,2408,3714,5158,655
17175,3768,3688,2413,3725,5168,655
17200,3774,3692,2416,3730,5174,656
17225,3778,3701,2424,3739,5186,658
17250,3785,3706,2428,3744,5190,660
17275,3786,3715,2432,3746,5195,662
17300,3790,3725,2440,3758,5205,663
17325,3797,3735,2445,3767,5213,663
17350,3799,3742,2448,3772,5218,664
17375,3805,3745,2451,3776,5227,665
17400,3812,3753,2454,3786,5236,665
17425,3818,3762,2458,3795,5243,665
17450,3824,3770,2461,3804,5254,666
17475,3830,3783,2469,3813,5265,669
17500,3833,3791,2474,3822,5274,670
17525,3838,3798,2479,3829,5284,670
17550,3843,3807,2488,3838,5294,670
17575,3847,3814,2492,3850,5303,672
17600,3854,3825,2499,3858,5314,674
17625,3859,3832,2508,3863,5321,674
17650,3865,3842,2515,3872,5330,677
17675,3875,3853,2526,3884,5344,677
17700,3879,3861,2529,3890,5353,678
17725,3883,3872,2537,3899,5364,678
17750,3890,3884,2540,3907,5374,680
17775,3896,3894,2547,3915,5384,680
17800,3903,3905,2554,3923,5394,680
17825,3907,3914,2561,3933,5405,681
17850,3915,3925,2568,3944,5420,681
17875,3919,3930,2570,3950,5425,683
17900,3923,3939,2578,3959,5435,684
17925,3929,3946,2584,3966,5440,686
17950,3936,3955,2591,3974,5451,687
17975,3943,3961,2597,3982,5462,688
18000,3948,3970,2608,3989,5473,690
18025,3957,3977,2613,4000,5482,690
18050,3963,3983,2618,4007,5492,692
18075,3972,3997,2627,4021,5506,693
18100,3979,4007,2633,4030,5516,694
18125,3985,4012,2636,4038,5525,694
18150,3990,4017,2638,4045,5534,696
18175,3995,4020,2642,4051,5541,697
18200,4000,4027,2646,4057,5547,697
18225,4006,4034,2651,4064,5554,698
18250,4016,4044,2660,4071,5561,700
18275,4020,4050,2662,4077,5567,700
18300,4025,4056,2667,4086,5574,702
18325,4027,4062,2673,4095,5583,703
18350,4029,4068,2677,4102,5587,704
18375,4032,4074,2684,4111,5593,706
18400,4036,4080,2689,4117,5600,707
18425,4042,4083,2692,4123,5605,707
18450,4048,4090,2697,4129,5613,708
18475,4053,4098,2703,4137,5623,709
18500,4061,4109,2710,4144,5630,709
18525,4068,4116,2716,4153,5640,712
18550,4075,4123,2719,4160,5646,713
18575,4077,4129,2724,4164,5656,713
18600,4082,4138,2730,4171,5664,714
18625,4090,4152,2738,4182,5674,714
18650,4095,4156,2743,4187,5685,714
18675,4099,4164,2749,4194,5693,714
18700,4101,4173,2753,4198,5702,715
18725,4106,4180,2758,4205,5711,715
18750,4110,4189,2764,4215,5725,716
18775,4118,4198,2770,4223,5736,717
18800,4123,4206,2776,4231,5743,718
18825,4128,4214,2782,4237,5754,720
18850,4133,4219,2788,4245,5761,722
18875,4138,4224,2791,4251,5767,725
18900,4141,4232,2796,4258,5773,725
18925,4149,4240,2803,4266,5782,726
18950,4154,4248,2809,4272,5792,728
18975,4158,4253,2812,4277,5797,728
19000,4166,4258,2815,4282,5806,731
19025,4172,4266,2820,4290,5813,731
19050,4180,4273,2825,4295,5817,731
19075,4183,4283,2833,4302,5825,733
19100,4188,4287,2834,4306,5831,733
19125,4197,4297,2842,4313,5840,735
19150,4203,4304,2845,4320,5848,736
19175,4207,4315,2853,4331,5860,736
19200,4215,4322,2860,4342,5871,736
19225,4221,4333,2870,4352,5881,736
19250,4227,4344,2876,4363,5891,736
19275,4232,4352,2882,4370,5901,738
19300,4238,4365,2891,4382,5915,740
19325,4247,4370,2895,4389,5919,742
19350,4253,4377,2898,4396,5929,742
19375,4259,4387,2904,4407,5942,743
19400,4264,4394,2909,4415,5948,744
19425,4271,4401,2917,4424,5958,745
19450,4276,4411,2927,4432,5972,745
19475,4282,4419,2932,4437,5980,745
19500,4288,4425,2934,4444,5988,747
19525,4297,4436,2941,4455,6000,747
19550,4302,4446,2948,4463,6012,748
19575,4304,4453,2951,4470,6023,748
19600,4308,4463,2958,4479,6034,750
19625,4312,4468,2962,4481,6038,751
19650,4315,4472,2965,4484,6043,752
19675,4320,4479,2969,4489,6050,752
19700,4329,4491,2977,4495,6060,753
19725,4334,4501,2985,4505,6072,754
19750,4342,4512,2995,4518,6085,754
19775,4347,4522,3001,4525,6094,756
19800,4352,4526,3004,4532,6102,758
19825,4358,4537,3013,4541,6112,758
19850,4363,4542,3018,4549,6120,759
19875,4368,4548,3026,4557,6128,761
19900,4374,4559,3033,4567,6140,763
19925,4378,4565,3036,4574,6151,764
19950,4379,4569,3040,4583,6159,764
19975,4384,4580,3049,4591,6169,765
20000,4388,4585,3054,4597,6177,767
20025,4394,4591,3058,4602,6183,769
20050,4398,4601,3065,4613,6193,770
20075,4402,4612,3072,4622,6204,770
20100,4404,4621,3078,4631,6215,771
20125,4409,4629,3083,4639,6224,771
20150,4414,4640,3093,4653,6238,771
20175,4421,4651,3099,4662,6252,771
20200,4427,4661,3109,4671,6263,772
20225,4431,4668,3114,4676,6269,773
20250,4438,4675,3118,4685,6279,773
20275,4443,4684,3123,4693,6288,774
20300,4453,4693,3130,4705,6301,774
20325,4458,4701,3138,4715,6309,775
20350,4464,4709,3144,4718,6322,776
20375,4470,4720,3153,4732,6333,777
20400,4475,4729,3160,4742,6345,779
20425,4478,4739,3165,4751,6354,779
20450,4484,4745,3167,4757,6363,780
20475,4490,4753,3173,4762,6371,782
20500,4493,4761,3181,4766,6379,782
20525,4498,4772,3192,4773,6391,783
20550,4504,4780,3199,4779,6397,784
20575,4518,4792,3206,4793,6412,784
20600,4525,4801,3216,4801,6423,788
20625,4530,4808,3219,4807,6430,789
20650,4531,4815,3222,4817,6437,790
20675,4537,4825,3226,4827,6447,790
20700,4539,4833,3232,4832,6456,792
20725,4549,4843,3242,4845,6470,793
20750,4556,4850,3248,4854,6480,794
20775,4563,4859,3254,4860,6490,796
20800,4572,4868,3261,4868,6500,798
20825,4574,4879,3268,4880,6514,798
20850,4582,4887,3275,4886,6523,798
20875,4586,4891,3278,4894,6531,801
20900,4593,4898,3284,4901,6541,801
20925,4602,4908,3291,4907,6554,803
20950,4607,4917,3295,4914,6564,803
20975,4614,4925,3301,4923,6573,804
21000,4619,4933,3307,4931,6583,806
21025,4624,4938,3313,4935,6588,806
21050,4628,4943,3319,4940,6592,806
21075,4631,4950,3324,4948,6603,806
21100,4639,4959,3330,4956,6611,808
21125,4649,4968,3335,4969,6623,809
21150,4657,4978,3343,4976,6633,811
21175,4665,4989,3352,4985,6647,812
21200,4671,4998,3359,4993,6654,813
21225,4677,5005,3362,4999,6662,813
21250,4681,5016,3372,5010,6675,817
21275,4687,5027,3379,5018,6683,817
21300,4692,5036,3387,5026,6694,819
21325,4700,5044,3395,5035,6704,820
21350,4704,5053,3402,5042,6713,820
21375,4709,5062,3408,5052,6722,820
21400,4715,5071,3415,5059,6730,821
21425,4725,5078,3422,5067,6738,823
21450,4729,5086,3428,5073,6748,824
21475,4735,5100,3438,5085,6762,824
21500,4739,5107,3445,5091,6773,826
21525,4743,5117,3451,5102,6783,827
21550,4747,5124,3458,5108,6789,828
21575,4758,5134,3468,5121,6800,831
21600,4769,5145,3478,5129,6812,832
21625,4777,5154,3485,5140,6822,834
21650,4783,5164,3494,5145,6832,835
21675,4790,5174,3504,5151,6843,837
21700,4795,5181,3510,5161,6852,837
21725,4800,5190,3515,5168,6860,837
21750,4806,5199,3523,5176,6871,837
21775,4812,5207,3529,5185,6879,841
21800,4816,5213,3537,5194,6889,843
21825,4819,5222,3544,5202,6900,843
21850,4825,5230,3547,5211,6911,845
21875,4827,5235,3551,5220,6915,846
21900,4833,5244,3557,5227,6924,846
21925,4839,5250,3563,5234,6932,847
21950,4848,5256,3570,5241,6940,849
21975,4857,5266,3578,5250,6951,851
22000,4864,5272,3583,5259,6959,853
22025,4866,5280,3590,5267,6969,854
22050,4873,5289,3598,5279,6981,855
22075,4875,5297,3600,5284,6989,857
22100,4882,5306,3608,5290,6996,858
22125,4886,5313,3614,5297,7005,860
22150,4890,5319,3619,5305,7010,861
22175,4898,5328,3626,5314,7020,863
22200,4911,5333,3630,5321,7025,864
22225,4918,5345,3638,5332,7037,865
22250,4926,5355,3646,5340,7047,866
22275,4930,5364,3652,5349,7057,868
22300,4936,5374,3659,5357,7064,868
22325,4942,5384,3665,5369,7074,868
22350,4950,5393,3674,5377,7082,868
22375,4955,5405,3684,5387,7094,868
22400,4961,5414,3691,5395,7104,871
22425,4964,5424,3698,5405,7115,872
22450,4969,5430,3704,5408,7121,873
22475,4972,5436,3710,5413,7131,875
22500,4980,5442,3717,5420,7142,875
22525,4986,5449,3723,5427,7148,875
22550,4988,5457,3727,5431,7157,876
22575,4993,5465,3734,5438,7166,877
22600,4998,5473,3743,5447,7174,879
22625,5004,5480,3751,5455,7180,881
22650,5008,5489,3758,5464,7190,881
22675,5015,5500,3765,5472,7203,883
22700,5021,5508,3774,5481,7214,883
22725,5024,5515,3779,5489,7224,884
22750,5031,5525,3788,5500,7235,886
22775,5035,5534,3794,5508,7244,886
22800,5040,5542,3798,5515,7247,886
22825,5048,5552,3806,5525,7258,889
22850,5055,5560,3815,5535,7267,889
22875,5061,5573,3825,5545,7278,890
22900,5068,5582,3833,5553,7288,891
22925,5073,5591,3839,5560,7294,891
22950,5078,5602,3846,5567,7303,891
22975,5085,5612,3855,5575,7315,892
23000,5089,5620,3862,5583,7325,893
23025,5095,5628,3870,5590,7334,894
23050,5101,5637,3877,5600,7344,894
23075,5107,5642,3880,5605,7353,895
23100,5112,5647,3885,5613,7359,896
23125,5118,5652,3889,5619,7365,899
23150,5125,5660,3894,5627,7372,899
23175,5127,5666,3901,5634,7378,900
23200,5133,5676,3909,5646,7391,900
23225,5138,5687,3913,5653,7403,902
23250,5145,5693,3916,5659,7409,902
23275,5155,5705,3927,5670,7420,903
23300,5157,5711,3931,5676,7427,904
23325,5164,5718,3936,5682,7434,905
23350,5169,5728,3944,5690,7444,905
23375,5176,5735,3950,5694,7451,905
23400,5185,5744,3958,5705,7462,908
23425,5192,5753,3968,5712,7472,912
23450,5196,5759,3971,5719,7478,915
23475,5201,5768,3979,5729,7488,915
23500,5206,5778,3986,5736,7499,916
23525,5211,5783,3990,5743,7507,917
23550,5219,5793,3998,5752,7518,918
23575,5228,5803,4005,5762,7528,919
23600,5231,5810,4010,5768,7535,921
23625,5238,5817,4014,5778,7544,922
23650,5244,5824,4019,5786,7553,923
23675,5250,5831,4023,5791,7562,923
23700,5254,5840,4028,5799,7574,924
23725,5262,5845,4032,5807,7585,926
23750,5266,5851,4038,5811,7591,926
23775,5275,5858,4044,5819,7598,929
23800,5279,5868,4052,5825,7606,929
23825,5287,5878,4061,5833,7618,929
23850,5291,5887,4065,5840,7628,931
23875,5295,5894,4070,5846,7635,931
23900,5299,5902,4077,5852,7645,933
23925,5304,5908,4082,5861,7653,935
23950,5312,5920,4092,5870,7665,937
23975,5317,5927,4095,5875,7673,939
24000,5325,5940,4105,5885,7685,939
24025,5330,5950,4111,5892,7696,939
24050,5336,5961,4120,5899,7710,943
24075,5341,5974,4129,5911,7722,943
24100,5348,5985,4140,5920,7733,943
24125,5354,5995,4146,5928,7747,943
24150,5357,6006,4154,5937,7757,944
24175,5364,6013,4160,5943,7766,947
24200,5367,6020,4166,5950,7774,947
24225,5375,6033,4174,5963,7784,947
24250,5378,6038,4180,5969,7788,948
24275,5381,6044,4185,5977,7796,948
24300,5385,6055,4195,5987,7808,948
24325,5390,6063,4202,5994,7817,948
24350,5395,6073,4209,6005,7826,949
24375,5399,6085,4220,6016,7840,949
24400,5405,6098,4231,6026,7852,949
24425,5411,6112,4242,6040,7867,949
24450,5414,6121,4249,6050,7876,950
24475,5422,6127,4255,6059,7883,951
24500,5425,6138,4263,6069,7895,952
24525,5433,6149,4272,6081,7908,952
24550,5440,6160,4278,6083,7917,953
24575,5449,6172,4289,6095,7929,953
24600,5453,6181,4291,6103,7936,954
24625,5460,6186,4295,6111,7942,955
24650,5466,6192,4298,6116,7952,956
24675,5471,6199,4301,6122,7958,956
24700,5475,6206,4307,6130,7969,956
24725,5486,6217,4314,6139,7983,957
24750,5491,6227,4320,6148,7993,957
24775,5496,6236,4325,6156,8004,957
24800,5498,6244,4332,6166,8012,957
24825,5504,6254,4340,6175,8023,958
24850,5512,6263,4348,6187,8032,959
24875,5517,6276,4355,6194,8043,962
24900,5523,6284,4363,6204,8053,962
24925,5530,6294,4371,6212,8062,962
24950,5536,6298,4374,6217,8069,962
24975,5541,6307,4380,6225,8078,964
25000,5545,6316,4391,6237,8088,965
25025,5550,6322,4394,6243,8098,965
25050,5556,6332,4402,6253,8108,966
25075,5566,6338,4407,6262,8117,967
25100,5569,6348,4414,6270,8126,967
25125,5579,6360,4425,6281,8140,969
25150,5584,6368,4430,6286,8146,970
25175,5590,6374,4434,6293,8154,971
25200,5593,6380,4437,6298,8161,971
25225,5599,6390,4446,6311,8175,973
25250,5603,6399,4452,6319,8186,973
25275,5605,6402,4454,6323,8192,978
25300,5609,6410,4459,6329,8199,979
25325,5613,6415,4466,6335,8208,980
25350,5621,6425,4474,6345,8218,982
25375,5630,6434,4485,6352,8226,983
25400,5637,6439,4489,6362,8234,984
25425,5642,6450,4499,6373,8245,985
25450,5646,6456,4503,6382,8251,986
25475,5654,6463,4510,6388,8261,986
25500,5661,6470,4516,6395,8270,987
25525,5669,6478,4524,6402,8278,988
25550,5676,6493,4536,6414,8293,989
25575,5684,6506,4544,6422,8301,991
25600,5689,6515,4552,6428,8309,991
25625,5696,6528,4564,6441,8321,991
25650,5699,6537,4571,6449,8333,991
25675,5705,6544,4579,6459,8345,993
25700,5709,6550,4585,6466,8350,995
25725,5713,6557,4591,6474,8357,995
25750,5720,6564,4598,6482,8367,995
25775,5725,6571,4604,6488,8375,996
25800,5730,6576,4611,6494,8382,997
25825,5733,6584,4619,6503,8391,997
25850,5738,6590,4625,6508,8396,998
25875,5744,6596,4630,6513,8403,999
25900,5749,6605,4640,6525,8413,999
25925,5757,6618,4650,6533,8423,1000
25950,5764,6625,4657,6543,8433,1000
25975,5771,6636,4669,6553,8443,1002
26000,5778,6648,4681,6563,8454,1006
26025,5783,6659,4692,6573,8465,1007
26050,5785,6668,4699,6582,8475,1008
26075,5794,6676,4706,6591,8485,1009
26100,5799,6682,4710,6596,8490,1009
26125,5805,6691,4718,6604,8497,1010
26150,5809,6704,4730,6618,8512,1010
26175,5811,6710,4736,6625,8520,1011
26200,5820,6720,4744,6634,8530,1013
26225,5826,6727,4753,6641,8539,1015
26250,5830,6737,4759,6651,8548,1017
26275,5833,6745,4766,6658,8555,1017
26300,5836,6753,4772,6667,8566,1017
26325,5844,6763,4782,6678,8578,1017
26350,5847,6769,4789,6683,8583,1018
26375,5851,6778,4796,6691,8593,1019
26400,5856,6790,4802,6702,8605,1021
26425,5862,6802,4811,6712,8617,1022
26450,5863,6809,4813,6716,8621,1022
26475,5868,6814,4817,6723,8630,1022
26500,5873,6819,4821,6730,8637,1023
26525,5880,6826,4829,6740,8645,1023
26550,5884,6836,4835,6748,8654,1024
26575,5893,6845,4842,6756,8664,1026
26600,5897,6853,4848,6764,8674,1027
26625,5900,6858,4852,6770,8679,1028
26650,5908,6871,4861,6783,8692,1030
26675,5913,6877,4867,6790,8698,1032
26700,5917,6886,4874,6798,8706,1034
26725,5924,6896,4879,6809,8716,1035
26750,5929,6906,4887,6820,8729,1036
26775,5936,6915,4893,6828,8738,1036
26800,5943,6926,4904,6833,8748,1038
26825,5948,6933,4912,6839,8758,1039
26850,5950,6938,4914,6846,8766,1039
26875,5954,6943,4918,6852,8776,1040
26900,5965,6953,4925,6861,8786,1041
26925,5969,6960,4932,6868,8791,1041
26950,5977,6971,4940,6878,8802,1041
26975,5984,6982,4947,6886,8809,1042
27000,5991,6996,4960,6900,8824,1042
27025,5997,7010,4971,6911,8834,1043
27050,6002,7014,4974,6915,8838,1044
27075,6008,7018,4975,6922,8842,1047
27100,6014,7025,4979,6930,8851,1047
27125,6020,7034,4985,6937,8862,1048
27150,6029,7045,4994,6947,8873,1052
27175,6035,7054,5003,6951,8881,1053
27200,6041,7066,5012,6961,8892,1055
27225,6046,7077,5018,6971,8905,1056
27250,6053,7087,5025,6979,8916,1056
27275,6058,7093,5029,6988,8923,1058
27300,6064,7105,5040,6995,8935,1059
27325,6072,7113,5048,7002,8947,1059
27350,6080,7125,5057,7012,8959,1061
27375,6088,7133,5062,7020,8970,1062
27400,6093,7140,5067,7024,8978,1062
27425,6097,7148,5079,7032,8987,1063
27450,6103,7158,5088,7040,8995,1063
27475,6110,7170,5095,7049,9006,1063
27500,6117,7184,5107,7057,9020,1063
27525,6123,7195,5115,7068,9034,1065
27550,6132,7207,5125,7076,9042,1065
27575,6135,7214,5132,7084,9048,1065
27600,6139,7223,5142,7090,9056,1065
27625,6143,7230,5146,7096,9063,1068
27650,6149,7239,5150,7104,9072,1069
27675,6156,7246,5157,7111,9079,1069
27700,6165,7259,5167,7122,9089,1070
27725,6170,7269,5176,7131,9102,1070
27750,6178,7281,5184,7143,9111,1072
27775,6186,7293,5194,7155,9124,1072
27800,6191,7304,5202,7167,9138,1075
27825,6203,7311,5208,7176,9148,1077
27850,6208,7318,5213,7179,9154,1077
27875,6215,7331,5224,7189,9168,1078
27900,6223,7341,5232,7198,9178,1079
27925,6230,7347,5239,7203,9186,1080
27950,6236,7356,5247,7211,9199,1080
27975,6243,7364,5253,7221,9206,1080
28000,6246,7372,5261,7228,9215,1080
28025,6248,7379,5268,7233,9221,1083
28050,6251,7386,5276,7239,9231,1087
28075,6257,7396,5286,7249,9243,1088
28100,6260,7399,5287,7253,9248,1090
28125,6264,7404,5292,7262,9255,1090
28150,6268,7408,5296,7268,9261,1090
28175,6271,7415,5300,7274,9269,1090
28200,6280,7422,5309,7283,9277,1091
28225,6286,7430,5317,7290,9285,1093
28250,6291,7439,5325,7299,9294,1093
28275,6296,7448,5333,7304,9303,1094
28300,6310,7460,5344,7318,9313,1095
28325,6316,7467,5351,7327,9322,1099
28350,6325,7479,5360,7338,9337,1099
28375,6331,7486,5365,7343,9340,1099
28400,6334,7494,5372,7350,9348,1100
28425,6336,7505,5379,7362,9361,1101
28450,6344,7517,5387,7374,9374,1103
28475,6351,7529,5394,7386,9387,1104
28500,6358,7541,5404,7398,9399,1107
28525,6368,7555,5414,7412,9410,1107
28550,6375,7563,5421,7422,9417,1107
28575,6380,7568,5424,7426,9423,1108
28600,6389,7577,5431,7434,9432,1109
28625,6395,7590,5443,7443,9443,1110
28650,6399,7601,5450,7450,9453,1111
28675,6403,7609,5459,7459,9465,1112
28700,6410,7620,5469,7470,9477,1112
28725,6413,7633,5477,7478,9489,1113
28750,6417,7641,5485,7488,9498,1114
28775,6419,7646,5489,7493,9504,1114
28800,6427,7659,5499,7501,9514,1116
28825,6441,7671,5509,7512,9525,1117
28850,6449,7679,5515,7520,9535,1120
28875,6455,7686,5522,7526,9543,1122
28900,6461,7693,5528,7532,9553,1124
28925,6466,7700,5535,7542,9564,1127
28950,6476,7707,5542,7548,9572,1129
28975,6478,7710,5545,7553,9576,1131
29000,6483,7720,5555,7563,9587,1132
29025,6487,7732,5564,7573,9601,1132
29050,6493,7747,5573,7584,9614,1132
29075,6498,7756,5581,7594,9626,1132
29100,6505,7764,5588,7604,9637,1134
29125,6512,7775,5596,7614,9648,1134
29150,6517,7784,5605,7623,9656,1134
29175,6519,7797,5616,7633,9670,1136
29200,6523,7804,5623,7639,9677,1136
29225,6529,7808,5627,7646,9686,1142
29250,6534,7818,5635,7654,9698,1142
29275,6539,7827,5641,7663,9709,1145
29300,6544,7833,5645,7670,9719,1146
29325,6552,7843,5652,7678,9729,1149
29350,6556,7853,5656,7686,9736,1149
29375,6559,7858,5662,7694,9743,1152
29400,6562,7868,5669,7700,9753,1154
29425,6567,7876,5674,7707,9763,1157
29450,6576,7884,5681,7716,9773,1158
29475,6580,7892,5690,7726,9782,1159
29500,6585,7899,5693,7735,9790,1160
29525,6593,7906,5697,7744,9799,1160
29550,6600,7911,5702,7752,9804,1161
29575,6608,7920,5706,7758,9811,1161
29600,6619,7932,5715,7767,9823,1162
29625,6626,7942,5726,7778,9837,1163
29650,6629,7948,5728,7782,9842,1163
29675,6635,7959,5735,7790,9854,1163
29700,6638,7967,5739,7799,9863,1164
29725,6644,7974,5746,7805,9869,1165
29750,6653,7984,5755,7815,9877,1165
29775,6662,7993,5762,7824,9889,1165
29800,6666,7997,5765,7832,9896,1166
29825,6668,8003,5769,7838,9902,1168
29850,6670,8011,5776,7845,9912,1168
29875,6679,8020,5785,7855,9922,1172
29900,6683,8028,5790,7862,9932,1174
29925,6692,8041,5801,7872,9943,1176
29950,6699,8050,5808,7878,9953,1178
29975,6701,8059,5814,7887,9961,1181
30000,6706,8068,5821,7895,9969,1182
30025,6716,8078,5829,7905,9978,1184
30050,6721,8083,5834,7911,9984,1184
30075,6726,8093,5842,7918,9993,1185
30100,6729,8098,5846,7924,10005,1186
30125,6736,8104,5851,7935,10016,1186
30150,6748,8114,5860,7947,10026,1186
30175,6754,8122,5869,7956,10035,1188
30200,6762,8132,5875,7960,10045,1189
30225,6769,8141,5884,7967,10051,1189
30250,6775,8149,5891,7974,10059,1190
30275,6779,8158,5897,7983,10067,1191
30300,6783,8164,5902,7989,10076,1191
30325,6787,8172,5910,7995,10083,1193
30350,6792,8183,5920,8007,10095,1195
30375,6798,8193,5928,8015,10106,1197
30400,6803,8199,5932,8020,10113,1197
30425,6807,8204,5935,8024,10119,1199
30450,6812,8211,5942,8034,10130,1200
30475,6819,8220,5952,8044,10138,1200
30500,6824,8226,5959,8053,10149,1202
30525,6831,8234,5964,8061,10157,1204
30550,6837,8245,5975,8072,10169,1204
30575,6842,8254,5982,8079,10182,1205
30600,6849,8268,5996,8090,10194,1206
30625,6855,8277,6004,8096,10202,1207
30650,6861,8287,6016,8106,10214,1208
30675,6867,8295,6022,8114,10221,1209
30700,6872,8301,6029,8120,10228,1209
30725,6879,8314,6040,8129,10239,1209
30750,6885,8323,6048,8137,10249,1209
30775,6891,8330,6055,8143,10258,1209
30800,6896,8338,6062,8151,10267,1210
30825,6904,8346,6069,8159,10274,1215
30850,6911,8357,6079,8167,10283,1217
30875,6918,8367,6089,8177,10292,1219
30900,6927,8376,6096,8187,10302,1219
30925,6931,8386,6104,8197,10317,1220
30950,6935,8398,6114,8210,10330,1221
30975,6938,8401,6118,8216,10335,1221
31000,6940,8412,6126,8225,10345,1222
31025,6944,8419,6133,8233,10353,1223
31050,6950,8426,6140,8240,10364,1223
31075,6955,8434,6148,8251,10375,1223
31100,6960,8443,6155,8260,10385,1225
31125,6968,8453,6164,8271,10397,1226
31150,6974,8461,6173,8279,10406,1226
31175,6978,8471,6178,8286,10416,1226
31200,6980,8479,6183,8293,10426,1227
31225,6985,8488,6192,8302,10435,1229
31250,6990,8498,6199,8310,10445,1230
31275,6996,8507,6207,8317,10454,1230
31300,7002,8512,6212,8322,10460,1230
31325,7011,8518,6217,8330,10466,1230
31350,7014,8527,6224,8340,10478,1233
31375,7020,8536,6233,8349,10489,1236
31400,7024,8540,6237,8353,10493,1236
31425,7035,8551,6246,8365,10505,1237
31450,7038,8560,6253,8372,10511,1237
31475,7045,8566,6259,8382,10521,1239
31500,7051,8576,6266,8390,10532,1240
31525,7055,8580,6270,8394,10539,1242
31550,7059,8591,6278,8402,10549,1244
31575,7061,8599,6285,8410,10557,1244
31600,7066,8609,6294,8418,10568,1244
31625,7068,8619,6303,8429,10576,1245
31650,7070,8630,6314,8441,10589,1246
31675,7074,8640,6323,8449,10600,1246
31700,7076,8648,6328,8454,10610,1250
31725,7084,8653,6332,8460,10616,1251
31750,7090,8662,6339,8470,10626,1252
31775,7095,8676,6353,8483,10643,1252
31800,7102,8684,6358,8489,10652,1253
31825,7114,8697,6368,8500,10667,1255
31850,7120,8707,6375,8509,10677,1256
31875,7127,8716,6382,8518,10689,1256
31900,7131,8720,6385,8522,10694,1259
31925,7137,8730,6394,8532,10706,1260
31950,7142,8737,6402,8542,10712,1261
31975,7148,8744,6408,8548,10718,1262
32000,7158,8754,6421,8558,10728,1263
32025,7163,8761,6428,8564,10736,1264
32050,7175,8770,6438,8573,10747,1264
32075,7179,8776,6444,8580,10753,1264
32100,7184,8784,6451,8591,10765,1265
32125,7195,8793,6458,8600,10775,1269
32150,7206,8803,6466,8610,10787,1269
32175,7209,8815,6476,8621,10798,1269
32200,7213,8821,6482,8627,10807,1271
32225,7216,8829,6488,8631,10814,1271
32250,7225,8842,6495,8640,10825,1273
32275,7232,8850,6502,8647,10833,1274
32300,7238,8861,6512,8657,10843,1276
32325,7243,8868,6518,8665,10852,1277
32350,7246,8878,6526,8676,10862,1277
32375,7250,8890,6537,8683,10871,1278
32400,7253,8894,6542,8689,10877,1278
32425,7255,8901,6548,8694,10882,1279
32450,7262,8913,6558,8703,10894,1279
32475,7271,8923,6568,8712,10903,1280
32500,7278,8934,6577,8720,10912,1281
32525,7282,8943,6588,8730,10921,1281
32550,7292,8953,6598,8745,10934,1282
32575,7302,8961,6606,8753,10942,1282
32600,7308,8973,6615,8766,10953,1282
32625,7316,8984,6626,8774,10963,1282
32650,7321,8995,6636,8783,10977,1282
32675,7327,9003,6643,8791,10987,1282
32700,7332,9015,6653,8806,10999,1284
32725,7336,9023,6660,8815,11005,1284
32750,7342,9036,6672,8825,11018,1285
32775,7347,9044,6678,8831,11025,1285
32800,7354,9052,6686,8841,11033,1285
32825,7359,9060,6692,8851,11042,1286
32850,7366,9067,6699,8859,11048,1286
32875,7371,9072,6703,8862,11055,1286
32900,7376,9079,6708,8867,11064,1286
32925,7380,9091,6718,8877,11075,1286
32950,7384,9099,6724,8884,11085,1287
32975,7390,9109,6733,8892,11100,1287
33000,7393,9116,6740,8898,11110,1288
33025,7400,9122,6745,8906,11118,1289
33050,7406,9131,6753,8912,11128,1289
33075,7411,9140,6762,8924,11142,1289
33100,7417,9150,6771,8937,11154,1289
33125,7421,9160,6781,8951,11164,1290
33150,7425,9167,6784,8958,11171,1292
33175,7435,9172,6788,8965,11178,1294
33200,7440,9178,6794,8971,11189,1294
33225,7446,9184,6800,8980,11200,1297
33250,7450,9193,6807,8989,11209,1299
33275,7456,9205,6818,9002,11221,1299
33300,7460,9217,6827,9010,11233,1300
33325,7468,9228,6834,9023,11245,1300
33350,7473,9241,6844,9033,11258,1300
33375,7478,9254,6855,9046,11271,1300
33400,7485,9265,6865,9055,11282,1301
33425,7487,9274,6873,9060,11290,1301
33450,7493,9283,6879,9067,11302,1302
33475,7496,9290,6885,9078,11312,1304
33500,7502,9299,6892,9086,11323,1307
33525,7508,9308,6898,9097,11338,1307
33550,7513,9314,6903,9103,11346,1307
33575,7520,9327,6916,9116,11359,1307
33600,7525,9336,6925,9125,11366,1311
33625,7532,9347,6936,9136,11376,1312
33650,7536,9355,6943,9143,11387,1313
33675,7540,9363,6951,9151,11395,1313
33700,7547,9373,6961,9159,11406,1315
33725,7556,9382,6971,9167,11417,1315
33750,7561,9389,6980,9174,11430,1317
33775,7569,9400,6992,9185,11443,1318
33800,7575,9409,7002,9195,11452,1319
33825,7580,9418,7008,9203,11461,1320
33850,7586,9428,7017,9210,11473,1321
33875,7595,9440,7033,9222,11488,1321
33900,7599,9451,7044,9228,11501,1322
33925,7604,9461,7052,9234,11507,1322
33950,7610,9473,7064,9246,11521,1322
33975,7614,9482,7074,9256,11530,1322
34000,7617,9490,7081,9264,11538,1322
34025,7619,9499,7089,9274,11547,1322
34050,7627,9508,7097,9284,11557,1322
34075,7637,9516,7106,9292,11569,1323
34100,7645,9526,7118,9303,11580,1325
34125,7653,9536,7123,9314,11589,1326
34150,7661,9547,7134,9327,11601,1327
34175,7665,9555,7141,9334,11610,1329
34200,7668,9562,7144,9344,11618,1330
34225,7674,9571,7151,9351,11625,1331
34250,7679,9579,7159,9360,11637,1331
34275,7686,9586,7165,9370,11646,1331
34300,7691,9591,7170,9379,11653,1332
34325,7697,9597,7174,9384,11660,1334
34350,7701,9606,7182,9389,11672,1334
34375,7712,9616,7192,9400,11685,1335
34400,7718,9625,7197,9409,11694,1336
34425,7724,9636,7207,9417,11703,1339
34450,7732,9643,7214,9427,11713,1339
34475,7734,9653,7224,9437,11723,1339
34500,7740,9660,7233,9446,11732,1340
34525,7747,9669,7241,9457,11742,1344
34550,7754,9680,7252,9468,11752,1345
34575,7760,9692,7262,9478,11765,1346
34600,7768,9701,7272,9487,11777,1349
34625,7777,9715,7284,9497,11789,1351
34650,7784,9725,7294,9507,11799,1353
34675,7787,9734,7301,9513,11809,1355
34700,7794,9740,7308,9522,11817,1356
34725,7801,9748,7316,9529,11824,1357
34750,7808,9759,7326,9539,11837,1358
34775,7814,9767,7333,9548,11846,1359
34800,7821,9778,7343,9557,11858,1359
34825,7828,9791,7352,9568,11870,1361
34850,7838,9804,7363,9577,11880,1361
34875,7843,9812,7371,9588,11892,1361
34900,7851,9822,7379,9598,11902,1361
34925,7856,9833,7392,9607,11915,1361
34950,7861,9840,7397,9616,11922,1362
34975,7868,9851,7404,9622,11933,1363
35000,7877,9856,7410,9629,11939,1363
35025,7885,9866,7423,9641,11949,1366
35050,7893,9873,7430,9648,11955,1367
35075,7899,9882,7435,9655,11965,1369
35100,7907,9894,7447,9664,11977,1370
35125,7910,9901,7454,9669,11982,1370
35150,7918,9913,7466,9679,11994,1371
35175,7924,9921,7475,9687,12003,1372
35200,7928,9926,7481,9693,12009,1373
35225,7934,9935,7487,9703,12019,1373
35250,7941,9944,7494,9711,12028,1374
35275,7945,9949,7497,9715,12032,1376
35300,7950,9956,7505,9724,12042,1377
35325,7957,9968,7515,9732,12050,1378
35350,7961,9977,7524,9739,12059,1380
35375,7968,9984,7530,9744,12064,1381
35400,7975,9993,7537,9754,12071,1382
35425,7977,10001,7544,9761,12079,1382
35450,7977,10005,7548,9765,12086,1383
35475,7985,10016,7559,9778,12101,1384
35500,7992,10022,7566,9786,12108,1384
35525,7998,10029,7574,9795,12118,1385
35550,8002,10036,7581,9802,12125,1385
35575,8008,10046,7592,9813,12136,1386
35600,8013,10055,7602,9821,12148,1387
35625,8018,10063,7610,9828,12157,1388
35650,8024,10077,7623,9840,12169,1389
35675,8028,10087,7630,9844,12177,1389
35700,8033,10097,7638,9849,12188,1390
35725,8042,10107,7647,9861,12199,1390
35750,8049,10118,7660,9872,12212,1391
35775,8055,10126,7668,9878,12220,1392
35800,8058,10134,7674,9886,12229,1396
35825,8064,10141,7679,9894,12238,1397
35850,8067,10150,7687,9902,12246,1398
35875,8074,10162,7697,9910,12258,1400
35900,8079,10172,7706,9921,12265,1400
35925,8083,10182,7715,9932,12277,1400
35950,8088,10188,7721,9941,12287,1400
35975,8090,10194,7725,9948,12292,1401
36000,8097,10203,7731,9960,12301,1403
36025,8106,10216,7740,9971,12314,1403
36050,8112,10223,7747,9980,12322,1403
36075,8118,10233,7757,9988,12333,1404
36100,8124,10241,7764,9997,12344,1406
36125,8129,10254,7777,10010,12359,1408
36150,8134,10265,7787,10021,12373,1408
36175,8142,10274,7796,10031,12382,1408
36200,8145,10282,7804,10037,12391,1408
36225,8152,10288,7810,10042,12395,1408
36250,8156,10295,7817,10052,12406,1409
36275,8161,10304,7825,10062,12418,1410
36300,8165,10311,7832,10070,12427,1414
36325,8168,10321,7838,10075,12437,1414
36350,8172,10332,7850,10089,12450,1415
36375,8175,10340,7857,10094,12455,1415
36400,8178,10349,7863,10101,12464,1416
36425,8187,10361,7874,10113,12475,1418
36450,8193,10372,7884,10124,12484,1419
36475,8196,10378,7892,10131,12492,1422
36500,8200,10386,7899,10141,12497,1424
36525,8208,10392,7903,10148,12501,1424
36550,8217,10401,7912,10155,12514,1425
36575,8222,10409,7919,10165,12523,1425
36600,8229,10420,7929,10175,12534,1426
36625,8240,10434,7942,10184,12549,1427
36650,8243,10442,7949,10195,12560,1427
36675,8249,10451,7958,10202,12571,1427
36700,8255,10461,7966,10209,12581,1430
36725,8260,10468,7970,10218,12591,1432
36750,8264,10479,7981,10231,12603,1432
36775,8270,10487,7989,10238,12610,1432
36800,8273,10491,7993,10242,12615,1433
36825,8278,10498,8001,10252,12623,1433
36850,8283,10503,8008,10258,12631,1433
36875,8288,10515,8020,10267,12642,1433
36900,8293,10524,8028,10275,12651,1433
36925,8302,10532,8034,10283,12659,1435
36950,8309,10542,8044,10287,12671,1435
36975,8313,10554,8057,10300,12683,1435
37000,8318,10565,8065,10310,12697,1435
37025,8322,10573,8073,10317,12706,1438
37050,8326,10584,8082,10325,12716,1438
37075,8333,10591,8089,10330,12723,1439
37100,8339,10599,8096,10338,12733,1439
37125,8344,10607,8102,10343,12741,1441
37150,8344,10617,8112,10351,12750,1442
37175,8350,10627,8120,10359,12760,1443
37200,8356,10638,8129,10370,12771,1446
37225,8360,10645,8137,10377,12779,1446
37250,8367,10657,8146,10386,12794,1447
37275,8372,10667,8154,10395,12804,1448
37300,8376,10676,8161,10400,12813,1449
37325,8381,10686,8170,10408,12824,1450
37350,8388,10696,8179,10417,12832,1451
37375,8391,10706,8190,10425,12843,1451
37400,8397,10717,8200,10432,12855,1452
37425,8408,10724,8208,10441,12866,1453
37450,8411,10730,8215,10452,12877,1455
37475,8415,10740,8224,10460,12889,1457
37500,8422,10744,8227,10467,12894,1459
37525,8429,10749,8231,10474,12899,1460
37550,8434,10755,8239,10479,12906,1460
37575,8440,10762,8245,10490,12913,1461
37600,8444,10769,8251,10497,12921,1462
37625,8451,10786,8266,10511,12937,1462
37650,8456,10794,8272,10520,12947,1464
37675,8466,10804,8281,10534,12958,1464
37700,8471,10815,8291,10543,12967,1466
37725,8478,10820,8294,10550,12973,1466
37750,8481,10831,8303,10561,12986,1467
37775,8484,10842,8311,10571,13000,1470
37800,8491,10853,8322,10581,13011,1470
37825,8497,10862,8328,10590,13021,1471
37850,8505,10871,8335,10598,13030,1471
37875,8510,10881,8343,10608,13041,1471
37900,8514,10888,8347,10616,13049,1472
37925,8521,10898,8354,10625,13059,1472
37950,8526,10906,8360,10634,13068,1473
37975,8532,10915,8371,10644,13080,1474
38000,8540,10921,8377,10648,13089,1474
38025,8549,10930,8384,10655,13096,1475
38050,8556,10941,8392,10666,13107,1476
38075,8561,10951,8403,10675,13118,1476
38100,8567,10957,8405,10681,13125,1478
38125,8571,10962,8407,10686,13132,1479
38150,8577,10973,8415,10695,13142,1480
38175,8581,10985,8424,10704,13156,1481
38200,8591,10998,8436,10714,13168,1482
38225,8595,11006,8443,10723,13175,1483
38250,8603,11016,8452,10734,13186,1483
38275,8609,11027,8460,10746,13199,1484
38300,8615,11037,8468,10753,13211,1484
38325,8618,11049,8480,10763,13224,1486
38350,8625,11058,8489,10771,13235,1486
38375,8630,11064,8495,10778,13244,1489
38400,8635,11073,8502,10786,13256,1490
38425,8639,11083,8512,10797,13267,1491
38450,8644,11092,8519,10805,13278,1492
38475,8650,11105,8531,10815,13290,1493
38500,8655,11114,8540,10826,13302,1494
38525,8659,11121,8549,10836,13311,1495
38550,8668,11128,8556,10841,13319,1496
38575,8674,11136,8563,10847,13328,1497
38600,8680,11143,8568,10852,13336,1499
38625,8685,11155,8580,10864,13350,1500
38650,8689,11165,8590,10875,13361,1501
38675,8694,11176,8602,10886,13374,1501
38700,8702,11189,8614,10898,13386,1503
38725,8707,11199,8623,10908,13397,1503
38750,8714,11205,8628,10916,13403,1507
38775,8726,11218,8639,10929,13417,1507
38800,8735,11231,8651,10940,13433,1509
38825,8737,11242,8660,10948,13443,1511
38850,8742,11248,8666,10951,13448,1511
38875,8748,11254,8673,10959,13454,1513
38900,8758,11266,8685,10971,13466,1516
38925,8762,11273,8690,10979,13475,1517
38950,8766,11281,8699,10990,13488,1517
38975,8774,11288,8705,10997,13496,1517
39000,8779,11297,8714,11006,13508,1520
39025,8784,11307,8725,11014,13518,1522
39050,8786,11313,8731,11024,13525,1522
39075,8790,11322,8738,11030,13536,1523
39100,8794,11328,8744,11035,13542,1526
39125,8800,11336,8750,11045,13549,1528
39150,8811,11344,8760,11053,13559,1528
39175,8820,11355,8771,11064,13572,1529
39200,8828,11364,8778,11073,13581,1530
39225,8831,11371,8785,11079,13587,1531
39250,8839,11385,8799,11091,13602,1531
39275,8843,11391,8805,11101,13611,1531
39300,8848,11406,8817,11116,13622,1531
39325,8859,11417,8829,11128,13634,1531
39350,8864,11433,8842,11141,13650,1531
39375,8869,11446,8851,11150,13662,1533
39400,8876,11459,8863,11160,13674,1534
39425,8881,11467,8872,11168,13684,1535
39450,8888,11473,8879,11175,13691,1537
39475,8898,11483,8888,11187,13702,1537
39500,8905,11494,8897,11198,13717,1539
39525,8905,11506,8907,11208,13729,1541
39550,8909,11514,8913,11214,13735,1543
39575,8913,11521,8920,11221,13744,1546
39600,8919,11524,8925,11226,13749,1546
39625,8922,11534,8934,11234,13759,1548
39650,8928,11541,8939,11241,13766,1548
39675,8933,11551,8948,11249,13775,1549
39700,8940,11563,8958,11257,13787,1551
39725,8948,11572,8969,11266,13800,1552
39750,8958,11584,8979,11276,13813,1553
39775,8964,11592,8987,11287,13824,1554
39800,8972,11603,8996,11299,13836,1558
39825,8978,11610,9002,11310,13844,1559
39850,8984,11616,9008,11316,13851,1561
39875,8995,11625,9016,11323,13859,1563
39900,9001,11638,9028,11336,13871,1565
39925,9011,11651,9037,11345,13883,1566
39950,9018,11664,9047,11359,13896,1566
39975,9027,11675,9056,11368,13907,1567
40000,9036,11690,9070,11383,13921,1569
40025,9041,11702,9080,11393,13933,1569
40050,9050,11713,9088,11404,13944,1569
40075,9054,11723,9098,11414,13957,1571
40100,9062,11736,9109,11426,13968,1572
40125,9066,11749,9120,11439,13983,1572
40150,9074,11758,9129,11449,13994,1574
40175,9081,11770,9141,11458,14007,1574
40200,9086,11780,9151,11465,14017,1574
40225,9094,11794,9164,11479,14029,1574
40250,9100,11803,9174,11485,14038,1574
40275,9105,11812,9183,11494,14051,1575
40300,9114,11823,9193,11504,14062,1575
40325,9118,11832,9199,11511,14071,1576
40350,9127,11842,9210,11522,14081,1577
40375,9127,11853,9217,11534,14092,1579
40400,9130,11861,9224,11542,14102,1580
40425,9137,11872,9237,11553,14112,1580
40450,9146,11882,9245,11562,14121,1580
40475,9150,11889,9250,11570,14129,1584
40500,9154,11900,9261,11582,14140,1586
40525,9161,11912,9272,11594,14151,1587
40550,9165,11922,9281,11604,14160,1588
40575,9169,11933,9292,11612,14170,1590
40600,9175,11942,9299,11620,14181,1590
40625,9182,11956,9309,11630,14193,1591
40650,9187,11964,9316,11638,14199,1593
40675,9196,11978,9328,11650,14213,1593
40700,9202,11993,9343,11660,14225,1594
40725,9208,12000,9349,11667,14233,1596
40750,9212,12012,9358,11678,14246,1596
40775,9219,12024,9369,11687,14260,1600
40800,9226,12034,9377,11695,14269,1601
40825,9232,12042,9384,11701,14275,1601
40850,9236,12048,9388,11708,14281,1601
40875,9240,12056,9393,11714,14288,1602
40900,9247,12065,9400,11723,14298,1603
40925,9254,12073,9408,11733,14307,1607
40950,9257,12082,9417,11742,14317,1608
40975,9261,12090,9424,11751,14323,1609
41000,9268,12102,9431,11761,14333,1611
41025,9274,12110,9439,11769,14341,1614
41050,9278,12120,9449,11776,14350,1615
41075,9284,12128,9456,11784,14357,1617
41100,9287,12136,9463,11791,14367,1621
41125,9295,12148,9473,11803,14379,1621
41150,9303,12161,9484,11812,14389,1623
41175,9311,12173,9492,11823,14401,1623
41200,9317,12178,9497,11828,14409,1624
41225,9321,12186,9504,11835,14419,1624
41250,9332,12198,9515,11844,14430,1625
41275,9336,12203,9520,11852,14434,1627
